{
    "installed": {
        "client_id": "97368303542-kbkqltk5ld8ktvorhnsf31gqvsno260g.apps.googleusercontent.com",
        "project_id": "casenet-424718",
        "auth_uri": "https://accounts.google.com/o/oauth2/auth",
        "token_uri": "https://oauth2.googleapis.com/token",
        "auth_provider_x509_cert_url": "https://www.googleapis.com/oauth2/v1/certs",
        "client_secret": "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",
        "redirect_uris": [
            "http://localhost"
        ]
    }
}